{
  "__VERSION__": "250",
  "Sensors": {
    "AdlxWrapperSettings": {
      "Enabled": true
    },
    "DisabledPlugins": [],
    "DisableStorageSensors": true,
    "LibreHardwareMonitorSettings": {
      "Controller": false,
      "CPU": true,
      "EmbeddedEC": true,
      "GPU": true,
      "Memory": false,
      "Motherboard": true,
      "PSU": false,
      "Storage": false,
      "ZeroRPMOverride": true
    },
    "NvAPIWrapperSettings": {
      "Enabled": true,
      "ZeroRPMOverride": true
    }
  },
  "Main": {
    "Controls": [
      {
        "Name": "CPU Fan",
        "NickName": "CPU Fan",
        "Identifier": "/lpc/nct6687d/control/0",
        "IsHidden": false,
        "Enable": false,
        "SelectedFanCurve": null,
        "SelectedOffset": 0,
        "PairedFanSensor": null,
        "SelectedStart": 0,
        "SelectedStop": 0,
        "MinimumPercent": 0,
        "SelectedCommandStepUp": 8,
        "SelectedCommandStepDown": 8,
        "ManualControlValue": 50,
        "ManualControl": false,
        "ForceApply": false,
        "Calibration": null
      },
      {
        "Name": "Pump Fan",
        "NickName": "Pump Fan",
        "Identifier": "/lpc/nct6687d/control/1",
        "IsHidden": false,
        "Enable": false,
        "SelectedFanCurve": null,
        "SelectedOffset": 0,
        "PairedFanSensor": null,
        "SelectedStart": 0,
        "SelectedStop": 0,
        "MinimumPercent": 0,
        "SelectedCommandStepUp": 8,
        "SelectedCommandStepDown": 8,
        "ManualControlValue": 50,
        "ManualControl": false,
        "ForceApply": false,
        "Calibration": null
      },
      {
        "Name": "System Fan #1",
        "NickName": "System Fan #1",
        "Identifier": "/lpc/nct6687d/control/2",
        "IsHidden": false,
        "Enable": false,
        "SelectedFanCurve": null,
        "SelectedOffset": 0,
        "PairedFanSensor": null,
        "SelectedStart": 0,
        "SelectedStop": 0,
        "MinimumPercent": 0,
        "SelectedCommandStepUp": 8,
        "SelectedCommandStepDown": 8,
        "ManualControlValue": 50,
        "ManualControl": false,
        "ForceApply": false,
        "Calibration": null
      },
      {
        "Name": "System Fan #2",
        "NickName": "System Fan #2",
        "Identifier": "/lpc/nct6687d/control/3",
        "IsHidden": false,
        "Enable": false,
        "SelectedFanCurve": null,
        "SelectedOffset": 0,
        "PairedFanSensor": null,
        "SelectedStart": 0,
        "SelectedStop": 0,
        "MinimumPercent": 0,
        "SelectedCommandStepUp": 8,
        "SelectedCommandStepDown": 8,
        "ManualControlValue": 50,
        "ManualControl": false,
        "ForceApply": false,
        "Calibration": null
      },
      {
        "Name": "System Fan #3",
        "NickName": "System Fan #3",
        "Identifier": "/lpc/nct6687d/control/4",
        "IsHidden": false,
        "Enable": false,
        "SelectedFanCurve": null,
        "SelectedOffset": 0,
        "PairedFanSensor": null,
        "SelectedStart": 0,
        "SelectedStop": 0,
        "MinimumPercent": 0,
        "SelectedCommandStepUp": 8,
        "SelectedCommandStepDown": 8,
        "ManualControlValue": 50,
        "ManualControl": false,
        "ForceApply": false,
        "Calibration": null
      },
      {
        "Name": "System Fan #4",
        "NickName": "System Fan #4",
        "Identifier": "/lpc/nct6687d/control/5",
        "IsHidden": false,
        "Enable": false,
        "SelectedFanCurve": null,
        "SelectedOffset": 0,
        "PairedFanSensor": null,
        "SelectedStart": 0,
        "SelectedStop": 0,
        "MinimumPercent": 0,
        "SelectedCommandStepUp": 8,
        "SelectedCommandStepDown": 8,
        "ManualControlValue": 50,
        "ManualControl": false,
        "ForceApply": false,
        "Calibration": null
      },
      {
        "Name": "System Fan #5",
        "NickName": "System Fan #5",
        "Identifier": "/lpc/nct6687d/control/6",
        "IsHidden": false,
        "Enable": false,
        "SelectedFanCurve": null,
        "SelectedOffset": 0,
        "PairedFanSensor": null,
        "SelectedStart": 0,
        "SelectedStop": 0,
        "MinimumPercent": 0,
        "SelectedCommandStepUp": 8,
        "SelectedCommandStepDown": 8,
        "ManualControlValue": 50,
        "ManualControl": false,
        "ForceApply": false,
        "Calibration": null
      },
      {
        "Name": "System Fan #6",
        "NickName": "System Fan #6",
        "Identifier": "/lpc/nct6687d/control/7",
        "IsHidden": false,
        "Enable": false,
        "SelectedFanCurve": null,
        "SelectedOffset": 0,
        "PairedFanSensor": null,
        "SelectedStart": 0,
        "SelectedStop": 0,
        "MinimumPercent": 0,
        "SelectedCommandStepUp": 8,
        "SelectedCommandStepDown": 8,
        "ManualControlValue": 50,
        "ManualControl": false,
        "ForceApply": false,
        "Calibration": null
      },
      {
        "Name": "Control 1 - AMD Radeon RX 6800 XT",
        "NickName": "Control 1 - AMD Radeon RX 6800 XT",
        "Identifier": "ADLX/AMD Radeon RX 6800 XT/11520/control",
        "IsHidden": false,
        "Enable": false,
        "SelectedFanCurve": null,
        "SelectedOffset": 0,
        "PairedFanSensor": {
          "Identifier": "ADLX/AMD Radeon RX 6800 XT/11520/fan"
        },
        "SelectedStart": 0,
        "SelectedStop": 0,
        "MinimumPercent": 0,
        "SelectedCommandStepUp": 8,
        "SelectedCommandStepDown": 8,
        "ManualControlValue": 50,
        "ManualControl": false,
        "ForceApply": false,
        "Calibration": null
      }
    ],
    "CustomSensors": [],
    "Fahrenheit": false,
    "FanCurves": [],
    "FanSensors": [
      {
        "Identifier": "/lpc/nct6687d/fan/0",
        "IsHidden": false,
        "Name": "CPU Fan",
        "NickName": "CPU Fan"
      },
      {
        "Identifier": "/lpc/nct6687d/fan/1",
        "IsHidden": false,
        "Name": "Pump Fan",
        "NickName": "Pump Fan"
      },
      {
        "Identifier": "/lpc/nct6687d/fan/2",
        "IsHidden": false,
        "Name": "System Fan #1",
        "NickName": "System Fan #1"
      },
      {
        "Identifier": "/lpc/nct6687d/fan/3",
        "IsHidden": false,
        "Name": "System Fan #2",
        "NickName": "System Fan #2"
      },
      {
        "Identifier": "/lpc/nct6687d/fan/4",
        "IsHidden": false,
        "Name": "System Fan #3",
        "NickName": "System Fan #3"
      },
      {
        "Identifier": "/lpc/nct6687d/fan/5",
        "IsHidden": false,
        "Name": "System Fan #4",
        "NickName": "System Fan #4"
      },
      {
        "Identifier": "/lpc/nct6687d/fan/6",
        "IsHidden": false,
        "Name": "System Fan #5",
        "NickName": "System Fan #5"
      },
      {
        "Identifier": "/lpc/nct6687d/fan/7",
        "IsHidden": false,
        "Name": "System Fan #6",
        "NickName": "System Fan #6"
      },
      {
        "Identifier": "ADLX/AMD Radeon RX 6800 XT/11520/fan",
        "IsHidden": false,
        "Name": "Fan 1 - AMD Radeon RX 6800 XT",
        "NickName": "Fan 1 - AMD Radeon RX 6800 XT"
      }
    ],
    "HideCalibration": false,
    "HideFanSpeedCards": true,
    "HorizontalUIOrientation": false,
    "PrimaryColor": "#FF607D8B",
    "SecondaryColor": "#FFAEEA00",
    "SelectedTheme": "",
    "ShowHiddenCards": false,
    "SyncThemeWithWindows": true,
    "SyncTrayIconColorWithWindows": true,
    "TemperatureSensors": [],
    "TrayIconColor": null,
    "TrayIcons": []
  }
}