{
  "file_format_version" : "1.0.0",
  "layer" : {
    "name": "VK_LAYER_RTSS",
    "type": "GLOBAL",
    "library_path": ".\\RTSSVkLayer32.dll",
    "api_version": "1.3.224",
    "implementation_version": "1",
    "description": "RTSS overlay hook bootstrap",
    "functions": {
      "vkGetInstanceProcAddr": "RTSSVkLayer_GetInstanceProcAddr",
      "vkGetDeviceProcAddr": "RTSSVkLayer_GetDeviceProcAddr"
    },
    "disable_environment": {
      "DISABLE_RTSS_LAYER": "1"
    }
  }
}
